"login","url"
"shunwuyu","https://github.com/shunwuyu"
"yrq1429","https://github.com/yrq1429"
"zengkaii","https://github.com/zengkaii"
"zll18314831310","https://github.com/zll18314831310"
"hx-dl","https://github.com/hx-dl"
"LestaSan","https://github.com/LestaSan"
"1haixinzgf","https://github.com/1haixinzgf"
"beidouhupo","https://github.com/beidouhupo"
"liaoruochen","https://github.com/liaoruochen"
"1239930167","https://github.com/1239930167"
"Marszht","https://github.com/Marszht"
"HeiLiu","https://github.com/HeiLiu"
"Kerinlin","https://github.com/Kerinlin"
"yuanyuneee","https://github.com/yuanyuneee"
"fuyurou","https://github.com/fuyurou"
"hongzhengzheng","https://github.com/hongzhengzheng"
"dzyook","https://github.com/dzyook"
"shiyisanyecao","https://github.com/shiyisanyecao"
"Caster-gsx","https://github.com/Caster-gsx"
"duzuimoye","https://github.com/duzuimoye"
"xujiayuanqqq","https://github.com/xujiayuanqqq"
"mystery66","https://github.com/mystery66"
"joinnew","https://github.com/joinnew"
"zoutianci","https://github.com/zoutianci"
"you77520","https://github.com/you77520"
"songzhifei1230","https://github.com/songzhifei1230"
"yangrongliang","https://github.com/yangrongliang"
"yanyanru65","https://github.com/yanyanru65"
"CCM-ONLY","https://github.com/CCM-ONLY"
"wangguoshengwgs","https://github.com/wangguoshengwgs"
"WANGZ1995","https://github.com/WANGZ1995"
"Vermouth1","https://github.com/Vermouth1"
"SunnyBess","https://github.com/SunnyBess"
"JanisHao","https://github.com/JanisHao"
"wsfyy1","https://github.com/wsfyy1"
"brave21","https://github.com/brave21"
"Ling-C","https://github.com/Ling-C"
"wuxueqiao","https://github.com/wuxueqiao"
"jingjingding","https://github.com/jingjingding"
"wangzhebuzai","https://github.com/wangzhebuzai"
"ningmeng2018","https://github.com/ningmeng2018"
"tangtiantian2","https://github.com/tangtiantian2"
"luochengcheng","https://github.com/luochengcheng"
"chen-lingling","https://github.com/chen-lingling"
"mwyjljtg","https://github.com/mwyjljtg"
"EricGarnett","https://github.com/EricGarnett"
"gongcf","https://github.com/gongcf"
"jsogn","https://github.com/jsogn"
"zengkaii","https://github.com/zengkaii"
"1239930167","https://github.com/1239930167"
"xiguan-wuge","https://github.com/xiguan-wuge"
"zll18314831310","https://github.com/zll18314831310"
"hx-dl","https://github.com/hx-dl"
"Marszht","https://github.com/Marszht"
"shunwuyu","https://github.com/shunwuyu"
"fuyurou","https://github.com/fuyurou"
"HeiLiu","https://github.com/HeiLiu"
"wangxifa","https://github.com/wangxifa"
"beidouhupo","https://github.com/beidouhupo"
"Caster-gsx","https://github.com/Caster-gsx"
"JoeWrights","https://github.com/JoeWrights"
"keepAwayFrom404","https://github.com/keepAwayFrom404"
"yuanyuneee","https://github.com/yuanyuneee"
"shiyisanyecao","https://github.com/shiyisanyecao"
"HuanqingDeng","https://github.com/HuanqingDeng"
"xujiayuanqqq","https://github.com/xujiayuanqqq"
"joinnew","https://github.com/joinnew"
"zoutianci","https://github.com/zoutianci"
"morhetz","https://github.com/morhetz"
"AndreiCalazans","https://github.com/AndreiCalazans"
"brunolemos","https://github.com/brunolemos"
"souporserious","https://github.com/souporserious"
"betiol","https://github.com/betiol"
"sibelius","https://github.com/sibelius"
"joao-alberto","https://github.com/joao-alberto"
"itsmepetrov","https://github.com/itsmepetrov"
"slorber","https://github.com/slorber"
"pranaygp","https://github.com/pranaygp"
"kristerkari","https://github.com/kristerkari"
"stipsan","https://github.com/stipsan"
"klauskohut","https://github.com/klauskohut"
"xcarpentier","https://github.com/xcarpentier"
"BrandonSmith","https://github.com/BrandonSmith"
"tidusia","https://github.com/tidusia"
"ricomadiko","https://github.com/ricomadiko"
"JedWatson","https://github.com/JedWatson"
"danburzo","https://github.com/danburzo"
"joshuarosato","https://github.com/joshuarosato"
"browniefed","https://github.com/browniefed"
"spentacular","https://github.com/spentacular"
"kacgrzes","https://github.com/kacgrzes"
"meetajhu","https://github.com/meetajhu"
"ihtml5","https://github.com/ihtml5"
"zapkub","https://github.com/zapkub"
"seeden","https://github.com/seeden"
"gauravssnl","https://github.com/gauravssnl"
"strayiker","https://github.com/strayiker"
"karlhorky","https://github.com/karlhorky"
"huygn","https://github.com/huygn"
"kedromelon","https://github.com/kedromelon"
"hllwd","https://github.com/hllwd"
"haxiomic","https://github.com/haxiomic"
"Jeremboo","https://github.com/Jeremboo"
"agarcialeon","https://github.com/agarcialeon"
"ayamflow","https://github.com/ayamflow"
"underlost","https://github.com/underlost"
"andydbc","https://github.com/andydbc"
"NStal","https://github.com/NStal"
"terkelg","https://github.com/terkelg"
"Guardwu2015","https://github.com/Guardwu2015"
"FantasticPerson","https://github.com/FantasticPerson"
"chelleccruz","https://github.com/chelleccruz"
"chelleccarlyle","https://github.com/chelleccarlyle"
"Hornebom","https://github.com/Hornebom"
"Steun","https://github.com/Steun"
"aerger","https://github.com/aerger"
"cmonte905","https://github.com/cmonte905"
"mhallo","https://github.com/mhallo"
"LakeYS","https://github.com/LakeYS"
"gcarvelli","https://github.com/gcarvelli"
"byungjikroh","https://github.com/byungjikroh"
"smasongarrison","https://github.com/smasongarrison"
"sindrehan","https://github.com/sindrehan"
"oshank","https://github.com/oshank"
"hfsh","https://github.com/hfsh"
"AnonymerNiklasistanonym","https://github.com/AnonymerNiklasistanonym"
"WayneBartnick","https://github.com/WayneBartnick"